product_id,mean,std
20001,1398.3443216666665,298.1454602000109
20002,1009.3681775,303.83483488748004
20003,889.0042427777778,292.036580916225
20004,671.6153830555555,224.45008531195978
20005,644.2005144444444,218.2732222629705
20006,585.7988908333333,162.02767081811194
20007,611.6236761111112,211.5343677966085
20008,554.1192644444443,161.53455822956823
20009,469.1951191666667,115.37877052595566
20010,518.6410883333333,226.85740038971952
20011,446.816825,156.01130019455059
20012,494.82220416666655,183.54477038442414
20013,442.787345,104.96594698026641
20014,449.3815097222223,110.03980771032411
20015,411.9545483333334,81.24078791682435
20016,398.65006999999997,117.8580679343153
20017,374.88856749999997,117.34524504288726
20018,366.0780158333334,127.36088835975329
20019,382.403415,146.48661692564906
20020,340.51083444444447,126.72364191624355
20021,347.2747572222222,147.31227231998832
20022,297.05553444444445,144.15895095505073
20023,289.869125,87.83171566666418
20024,295.51977000000005,103.3091214690819
20025,258.80309,74.98551024716974
20026,262.3115072222222,66.31866583957266
20027,233.99432388888894,46.55137701556103
20028,256.72237500000006,86.47883308175949
20029,243.00218833333332,78.69483523923135
20030,275.6379888888889,155.1626833934643
20031,238.84903,86.38971390056206
20032,590.33366,183.37430350664104
20033,218.14944666666668,69.07764812050857
20035,213.54528555555558,75.01524096901095
20037,170.05525555555556,91.30497279488812
20038,196.64637833333333,65.72345342020839
20039,180.29394527777777,49.73637409365127
20041,191.38569416666667,76.85698998907912
20042,166.06483777777777,36.8000826539252
20043,187.54492694444446,66.7919373762227
20044,170.62645166666667,54.654379749391595
20045,176.51761805555557,42.570515838664065
20046,173.60985722222222,55.573684618839344
20047,172.49971888888888,44.81274291212788
20049,211.96134724137931,73.64346794470335
20050,167.14344805555558,57.999714690208194
20051,171.17151972222223,64.77388286143656
20052,173.63487694444447,68.15171843002263
20053,152.00412333333333,29.56891006423673
20054,146.28852055555555,43.70614901147846
20055,160.73559749999998,62.250900159474014
20056,159.90791611111115,73.04739121387243
20057,148.2178244444444,35.85459758341496
20058,143.46277583333335,33.563613708549354
20059,135.83164555555555,31.0673768782952
20061,137.02535083333336,32.2513362298455
20062,124.54281583333334,38.44179560733316
20063,128.88978166666666,30.021535367937894
20065,136.20379499999999,39.23728087118143
20066,129.70484027777775,37.400840184667544
20067,134.68387666666663,45.264119601902536
20068,128.02007472222226,25.25142205915715
20069,132.5557741666667,30.408325391333715
20070,115.84042472222222,23.9944365319222
20071,123.70789555555558,42.622815035310474
20072,122.35405000000002,36.381246825309326
20073,96.04788111111111,25.694190286783932
20074,122.32361222222224,41.92331916123866
20075,124.8559063888889,41.11071411366469
20076,103.69455972222222,23.094853991595677
20077,133.25693138888886,53.73424287687604
20079,116.07846194444443,54.94722470171859
20080,102.16968055555554,38.203945857237535
20081,102.6850825,26.697728437781834
20082,95.65108805555558,35.155652738532375
20084,99.99470277777776,44.18516957658024
20085,182.24650866666667,45.06929000519912
20086,85.4004975,28.458310422431456
20087,111.01440111111111,53.649039632204776
20089,180.1111717647059,82.17172778033355
20090,91.03675972222223,43.81557801054614
20091,102.67839666666666,30.777818977344243
20092,87.68327749999999,36.53152620231825
20093,91.1462825,22.499883179413732
20094,100.34889083333334,34.96008086498611
20095,90.4665836111111,31.65507656874537
20096,92.67568416666667,31.068968394972075
20097,107.9559997222222,60.428028873362614
20099,92.01354250000001,26.945158593567083
20100,100.12814055555556,37.7726895940204
20101,85.358,22.559681615261326
20102,101.94130750000001,93.14939232367365
20103,83.8100725,17.773619637757747
20106,79.20366999999999,19.99901686952036
20107,86.8938138888889,29.61384873240368
20108,83.46992,29.340858451586392
20109,83.97636638888889,28.33911351673092
20111,75.5246411111111,15.865308572142965
20112,70.79112846153845,20.283069402557334
20114,70.94109750000001,17.48102571018832
20116,80.82342083333333,41.42563466733001
20117,72.52806388888888,26.929708870545323
20118,79.26673861111111,32.41355022011153
20119,87.0620811111111,32.45402328050198
20120,76.19972222222223,17.74743652317453
20121,78.28618861111111,32.65467188429483
20122,72.18751555555555,17.65154431712509
20123,69.63888750000001,18.0783649462728
20124,71.78661194444445,18.37782717480401
20125,68.932955,20.757726377966833
20126,98.83928380952382,40.53972788786963
20127,208.43745,187.44112267300596
20129,71.58711722222222,18.520086614338286
20130,97.21462450000001,29.10631948762971
20132,69.61911527777778,17.065600559959123
20133,63.2461375,20.59289741125481
20134,63.34737499999999,18.142691915520693
20135,106.73199761904763,36.347592044009176
20137,62.81484666666667,13.445708124893768
20138,62.54075222222221,25.397882310835865
20139,59.3663525,17.606857042305563
20140,59.340417499999994,21.586036743552185
20142,55.233288055555555,19.20966940817192
20143,98.20209349999999,38.69545869643977
20144,56.15826888888889,13.968632456158904
20145,54.77184694444444,17.01324520929734
20146,63.946306666666665,26.58849410325301
20148,51.895149444444456,25.627508432410554
20150,94.1131738095238,60.749579466584244
20151,64.02774166666666,22.92557435306026
20152,47.72718694444445,23.898765581544026
20153,48.12988305555557,17.123844542817533
20155,47.608797222222215,14.583438759781808
20157,46.40317555555555,17.868686937086732
20158,52.564026666666656,17.20106422797729
20159,74.44765,24.165696315522613
20160,51.8103075,12.02720647100288
20161,56.80392694444444,13.083776814308369
20162,28.637578888888886,16.258740696225043
20164,53.74270416666667,15.98540979881557
20166,49.219832777777775,14.745171433244874
20167,42.11767944444444,13.768157719868373
20168,49.64692500000001,23.68937029090238
20170,73.01188349999998,22.222026954219206
20174,114.81175857142857,38.43015454642332
20175,46.681958888888886,17.724304292363357
20176,41.898733333333325,11.951322664336601
20177,40.431349166666664,11.843792987842892
20179,36.75854888888889,14.494260461578138
20180,41.11840083333333,11.867040614036213
20181,39.998816111111104,9.662529852161102
20182,40.6183313888889,12.044444917960943
20183,40.67756972222222,19.090092821632823
20184,39.65590277777778,13.01683643149871
20187,40.067437777777776,10.93485369627442
20188,39.271454444444444,15.240093190284153
20189,34.35748194444446,10.407974188194583
20192,36.44256828571429,27.22204280947978
20193,37.116843055555556,11.443565185437327
20196,35.32336888888889,13.448061570886878
20197,37.39920916666667,10.651925971332368
20198,36.754033888888884,9.990630945370848
20200,34.50101361111112,7.773877524829698
20201,37.03133527777778,11.882478131687487
20202,40.164328148148144,15.039723699698904
20203,39.625570833333335,15.91290495001597
20205,36.454922777777774,10.214660777835135
20206,36.53164666666667,9.809983609413422
20207,38.312259166666664,21.000953874974805
20208,32.30204722222223,9.496864635866666
20209,29.212217499999994,9.586807604580182
20210,82.17732,60.23795669072284
20211,37.968187777777786,12.551271854494635
20212,28.813938333333333,9.271923535834253
20213,78.120208,26.428372075055435
20215,30.185776666666673,11.19099200544591
20216,33.257576666666665,16.54277123304056
20218,28.705673333333333,9.531637852984165
20219,30.42774694444445,9.146683015008795
20220,29.169382777777773,7.765642458957501
20222,29.60220722222222,9.382576939225968
20224,28.94315666666667,8.391122591141189
20225,22.099294166666667,8.946861765843092
20226,27.590689444444447,9.38941772910423
20227,28.32268888888889,14.927757837336031
20228,28.777150000000006,12.876979351573546
20230,21.101010833333333,7.1498753601653275
20231,27.472106666666672,7.576045622326806
20232,27.5140775,11.757493895688187
20233,25.033635833333335,13.500461021287357
20234,25.23335416666667,19.409849749064353
20235,25.55816055555556,11.164298863005348
20236,97.61604166666666,48.316635082901385
20237,46.92068,15.441410779869392
20238,24.528046111111106,9.702169845533163
20239,21.870103333333336,8.4561522642765
20240,23.49876472222222,9.782450580842786
20241,24.85022777777778,7.253125445770695
20242,28.290558055555557,13.494142168959478
20244,22.56731611111111,8.103488329311828
20246,25.20795972222222,8.35911678477286
20249,22.289725000000004,11.296477722295439
20251,23.317835000000002,8.215367248445528
20252,23.420908055555557,9.241127331973495
20253,22.921167222222223,6.834838914350762
20254,23.790003333333335,6.539104758311449
20255,20.50141388888889,9.769984610900083
20256,21.701253055555558,7.163180900726722
20257,58.229854,18.11561447038935
20259,20.84417833333334,8.32258317695225
20261,71.72756,27.238598636544435
20262,25.453580476190474,9.896110724471749
20263,22.012459444444445,5.076549254669494
20264,24.48715,9.158364245906425
20265,20.660288611111113,15.931711786329295
20266,33.550881,12.06888417095837
20267,21.434721111111106,4.600231943707546
20268,21.669705277777776,7.917278091953603
20269,21.89527027777778,9.172250986607528
20270,23.514853055555548,8.237119876416175
20271,22.017399444444447,10.349997186854537
20272,20.849103055555553,5.534539479014011
20273,21.163615,7.252700521528121
20275,20.14798777777778,6.858684749326261
20276,20.169008611111114,4.554093844802029
20277,21.062633888888886,9.0236094181995
20278,19.369491666666665,9.699891890936723
20280,20.229925833333333,7.56364965402337
20281,19.29766388888889,7.55058350399312
20282,20.78337388888889,7.813751705596003
20283,20.60445333333333,7.649219176390676
20284,20.403383888888886,6.124505246445056
20285,17.921275555555553,7.340738697680595
20286,49.778057,10.646331741138768
20288,19.40959805555556,6.459351845846376
20289,21.384494444444446,7.7104236693654595
20290,18.871648888888885,6.144689053860498
20291,19.597958888888886,6.065339186418786
20292,19.42281111111111,5.880199078422808
20295,19.007113888888885,6.2465243692057735
20296,18.40702222222222,4.579106305469979
20297,23.47762115384615,9.611197476063563
20298,18.73167966666667,7.54753446945995
20299,20.425480833333335,8.979434967868801
20300,17.879771666666667,4.563097503062397
20301,19.112426388888892,6.992082174155954
20302,17.85565944444444,14.051638371025014
20303,19.313107777777773,5.721577195805922
20304,19.82523888888889,10.934994166296903
20305,17.432518055555555,13.818634790884541
20306,23.19638000000001,7.646580343889156
20307,17.90467333333333,5.0451400212815845
20309,18.130578888888888,5.268097493816788
20310,17.928739444444442,5.532884426320736
20311,20.385061666666665,6.572678324684695
20313,17.333018181818183,9.37181207453415
20314,17.54419361111111,4.344067764110469
20315,17.134122777777776,5.024563041170907
20316,16.49800694444444,7.882099632857377
20317,17.84399527777778,4.16995641527787
20319,18.78045806451613,5.225237315436445
20320,16.222883888888887,4.109239539328955
20321,16.75744527777778,7.0532638020813705
20322,20.326637499999997,11.55211567042366
20323,22.13083115384615,9.72965999087998
20324,17.325835555555553,6.436195574605698
20325,19.602377500000003,12.963045942547472
20326,16.371897500000003,3.6786262521819393
20327,16.12113611111111,6.562944858522094
20328,18.090724166666664,4.9521913692208015
20329,16.224181944444446,5.766734519705643
20330,16.598808055555555,4.252753205449597
20332,17.494173888888888,7.778200134412028
20334,20.580926666666663,10.40993467157917
20335,16.6750325,5.038269838114993
20336,15.814845,4.724951025790336
20337,19.56338555555556,6.237934248615379
20338,16.14385027777778,5.120342897697651
20340,20.370384074074074,9.413562117380785
20341,14.028145555555557,4.399733118210984
20342,16.75426972222222,6.032589034984889
20343,15.761159,5.978313082754197
20344,20.727798461538463,5.418079191028269
20346,15.777266388888888,5.152570311548071
20348,20.169767307692307,4.942180399206453
20349,14.946242222222224,4.288901767840948
20350,14.973913333333334,12.237853081078045
20351,23.054625714285713,7.506516984198179
20352,14.217732499999999,3.3301937016785206
20353,15.094350833333332,5.81433067797901
20354,13.960853888888888,3.3629553347820025
20355,35.54702777777777,12.73032210096015
20356,14.772097499999997,4.664132971671232
20357,14.990188611111112,5.588519228322678
20358,15.893431111111106,7.818710433152654
20359,14.3357525,4.136851366740083
20361,13.41618277777778,5.70153771209267
20362,12.660544722222223,6.413207703428688
20364,28.338371000000002,10.474095319601794
20365,14.112535833333332,4.380033347688038
20366,16.096698055555557,4.59806111820364
20367,13.950384722222221,3.9982239267951294
20368,20.486476666666665,5.584684361027339
20372,13.713586111111113,5.2759330578051875
20375,16.044818333333332,5.008728346310496
20377,13.910657333333335,5.052854676360021
20378,24.60947857142857,13.075922432113646
20379,15.094535,6.356595872097625
20380,12.937697222222223,3.8843321785160088
20381,12.584675833333332,3.286707395409902
20382,14.486466944444443,6.444240326829099
20383,13.733708333333333,6.784601587124647
20384,14.52725,5.302914920247974
20385,13.63268861111111,5.204089533425559
20386,12.742618055555557,2.4408701905916605
20387,17.297719230769232,5.1642637433267655
20388,12.657493333333331,4.709971204871639
20389,26.4888585,8.790874718087993
20390,15.33706935483871,6.108969415688669
20395,16.042149999999996,5.882086555181555
20396,12.35967611111111,4.3489293262491815
20398,12.636539166666665,11.02997066710939
20400,13.127840277777777,4.478090358943825
20401,13.026447222222222,3.9453341187719895
20402,15.28221607142857,6.991133085997466
20403,16.276097692307694,5.091823892529126
20404,11.998753611111113,3.8792775382081888
20406,12.99646138888889,4.066983511733167
20407,11.650893055555557,3.9255854097910903
20408,19.924849333333334,7.969859416776315
20409,13.36028,6.766765157934772
20410,11.932123055555557,3.663791581922296
20411,11.54734027777778,4.15343422510886
20414,31.198115555555553,9.088220974255783
20415,13.952412903225808,8.030739938364414
20416,10.845980555555554,9.301777941912256
20417,12.309960999999996,5.380296593489318
20418,11.256834722222223,9.923606725790057
20419,11.05381,2.5303382687842912
20421,12.002273611111113,5.049497090558144
20422,10.131961666666667,8.685847007196246
20424,10.968595555555556,4.3513333356704385
20426,8.245912,4.380296308669755
20428,11.113281388888888,8.721718924638703
20429,10.353472222222223,9.027745543696504
20432,10.744694444444447,3.860725895597092
20433,10.541788888888888,3.0957091668822394
20434,11.471370277777774,4.209233433393433
20438,10.608919444444444,3.2386195800335713
20440,30.268953333333332,20.498289835929892
20442,31.269902999999992,9.498042680593665
20443,10.553416111111112,3.374147041405345
20447,12.079988064516131,4.611505883692383
20449,10.132008333333333,9.233891602105954
20450,10.370314722222224,3.0123572315736733
20453,12.425295862068962,5.099788177889295
20456,10.602662571428572,3.603631936792741
20458,24.69197222222222,6.275489518493314
20459,19.762829999999997,7.288203136417258
20460,16.556662142857146,7.315971029894042
20463,8.569908055555555,2.9967135916160075
20464,10.055261944444446,4.516035308561715
20465,10.200375,3.4059168485534115
20466,10.163617777777779,3.6897981808596145
20469,9.45232057142857,3.2121806437911804
20470,10.449571111111112,3.5242809365541126
20473,8.436528055555554,3.9928341389679014
20474,8.57226388888889,2.56279142805126
20476,24.855139999999995,9.252695716387196
20477,16.82260266666667,9.219139335590672
20478,11.484232258064516,7.358121293711554
20479,12.218542083333332,3.9537437230157924
20480,9.1837375,3.026762911085396
20481,9.003128571428572,1.7324814706463263
20482,9.71457138888889,2.6174386114500265
20483,8.790985555555558,2.644441128545954
20484,8.874749166666666,5.172080206562029
20488,13.27184904761905,3.363668210034849
20490,8.405403611111113,7.204654996401445
20491,15.661783,7.305285459492173
20495,16.980896875,4.296725287812753
20496,10.95819142857143,4.888217509259127
20497,8.823054166666665,4.448953046505838
20500,8.114767777777777,1.9660124962618568
20502,8.592608055555553,3.3313145715474968
20503,14.429300588235296,6.685092524121741
20505,8.609326111111109,3.4365160934230867
20508,10.20894129032258,6.836601800499887
20509,8.223127777777778,7.265037469782485
20510,20.46552444444444,13.008254998464542
20513,9.021284090909091,3.6979970304047662
20514,7.850210571428571,3.0956660386911157
20517,6.62844,2.8672620701289233
20520,8.406810555555557,3.4819381100349798
20521,21.17845111111111,11.2354659890127
20522,15.29585888888889,6.941876634018218
20523,15.4309525,6.235505998589583
20524,7.514769722222222,2.1157695055686494
20525,18.363435555555554,4.583655316608981
20526,19.869380000000003,8.370926287766784
20527,14.568020624999999,5.307171204536329
20530,8.298216944444444,3.8963909767980494
20531,17.813344444444443,5.0125593834664715
20532,7.922370833333334,2.902549302981162
20536,7.309409166666665,2.2124994575397237
20537,17.25259222222222,5.214198405780552
20538,6.364604444444446,1.946717176541713
20539,7.359546666666668,3.12932923613352
20540,14.551224375,4.37218567553875
20541,11.098929523809526,2.954896935849838
20542,7.674130000000001,2.977219815940642
20544,8.477957777777778,3.359864101448534
20547,14.40424142857143,3.661894042211273
20548,20.247307,7.142837733467389
20549,6.498845277777778,3.5499716421575505
20551,6.944349722222222,2.6836757059317895
20552,7.514233703703703,5.717561712938713
20553,14.029041875,4.054380704367756
20555,6.4271475,3.5866478643995903
20558,15.76848,5.682244749674199
20559,13.857326875,4.351272278231152
20560,6.933931944444444,2.6983425941522157
20561,6.224237777777777,5.581117252637356
20563,5.547616944444444,2.8497736769102198
20565,6.307892777777777,3.5785047769189946
20567,8.940522307692307,3.7030593615596366
20568,5.022517499999998,1.9084526468385323
20569,10.33655125,3.949175073952998
20570,5.963105555555556,1.7047732373803426
20571,9.715140952380953,5.409287747571676
20572,6.632522777777777,2.8543023690808647
20574,6.066914814814814,6.009548855322073
20575,15.816059999999997,3.9957730002528926
20576,6.283849545454545,3.295408359447859
20577,15.517516666666666,4.849603365031515
20578,6.116119714285714,2.7875011766407285
20579,6.787897500000001,2.3986263799211356
20580,14.40075,3.8183968015385723
20583,5.826115833333334,1.8223270432552128
20585,5.268995,2.297471949374542
20586,6.3347677777777776,5.643343289215869
20588,6.811856764705883,4.551160535370451
20589,6.902832962962964,2.4080170141534345
20592,16.768127142857143,5.718484769522179
20593,17.160478888888886,12.408119393327143
20596,6.207273999999999,2.3511039866589334
20597,5.523066388888888,4.917882340240216
20599,5.810509166666667,1.9527041473730364
20600,5.085367777777778,1.262067152014868
20601,6.1616725,5.410772651408551
20602,5.886343611111112,2.89009798393772
20603,14.076342222222223,3.800704159763615
20604,6.141259545454546,2.8171525396526214
20605,5.264672777777778,1.603113099599136
20606,5.9192447222222215,1.7015656492527884
20609,5.961235,2.164849094121145
20611,11.649804374999999,2.8902550746533744
20612,4.793679444444445,2.159135521974272
20614,5.449766944444445,2.079897591599602
20615,13.478549999999998,2.043652423295116
20617,6.077389722222222,2.7292205560410583
20620,15.088071,11.095892153932414
20621,12.558663333333334,5.38925581292136
20622,4.876863888888888,1.2929117181270184
20623,13.210916000000001,2.9438440262282914
20624,6.985591785714285,4.312881066990812
20627,8.553887857142858,3.2936968171556424
20628,4.8331027777777775,1.9541895511901177
20629,5.22049,2.5603450912863845
20632,5.536171944444444,2.662084325039653
20633,13.04763,3.9243638194616977
20636,5.422754722222223,5.011188552457668
20637,4.9485294444444445,1.3187885717753989
20638,6.419027777777777,2.148592603862175
20639,4.463732222222221,1.3029166831450805
20640,4.8357425,2.266932258121251
20641,5.117585428571428,2.253177871659783
20642,5.1654133333333325,1.7308166158765308
20644,4.58094,2.653811321431876
20646,6.321039629629628,2.5471639721107646
20647,4.424227777777777,2.669653136430286
20649,21.763180000000002,17.3489308464566
20651,4.415410555555556,2.1693891219273747
20652,4.413703611111112,1.4764205714868122
20653,4.3769647222222225,1.5255142672507638
20654,4.987514444444445,1.465363916462771
20655,4.627059722222222,1.8282541667651702
20657,4.489869310344828,6.193213737503294
20658,3.80147861111111,1.4106719185351817
20659,11.694495,3.7542006046094554
20660,4.677351111111111,2.268598295369415
20661,4.141888055555556,1.515433687290906
20662,10.89349,1.2603157065275352
20663,4.241197777777778,3.8435402453081573
20664,4.43741638888889,1.810933122277262
20666,5.034770000000001,3.0776843374169838
20667,4.850245161290323,3.207743991685196
20670,4.956029722222223,5.23235498879014
20672,4.306021944444444,1.1688802421507503
20673,11.385031666666668,4.801423690491881
20674,13.739311428571428,7.792383130398189
20676,3.65729,2.3447903546884525
20677,4.3783505555555555,2.4007882542673884
20678,4.651686388888889,3.9605170512779933
20679,6.542188823529411,1.8816441470921195
20680,4.4711675,1.671586206537927
20681,12.226912222222222,5.311852429456172
20682,8.78572875,3.6461678564174287
20684,4.8585336111111115,1.970951516922224
20685,4.372751944444445,3.9189663205783662
20686,12.4984025,3.1972395907029445
20689,9.41512,3.6090893947365723
20691,19.807270000000006,13.481545953141525
20693,3.6386619444444444,1.7836204352621337
20694,8.77797,3.6092205357043503
20696,3.577818888888889,1.6696586441182313
20697,3.6829177777777784,1.1768736191600697
20699,3.4125863888888888,2.139449011407447
20700,4.097182,2.068316823921602
20701,3.6000602777777777,0.9673708512383628
20702,3.290201111111111,1.1704743461514782
20703,12.166954999999998,3.88541792007415
20705,3.2548438888888893,1.60991813580208
20706,3.7015288888888893,1.4195104794194324
20708,3.403023888888889,1.3657674742424972
20709,6.860659333333334,1.6509039207418925
20711,11.252979999999999,4.916626084635683
20713,3.839935555555555,1.4521497078655383
20714,3.3200222222222227,1.3469275037742352
20715,3.5600066666666663,1.3707791530908877
20719,8.320296666666666,1.536660584961754
20720,9.745626666666666,3.580056612986262
20721,3.3351783333333334,1.8482612633708317
20724,3.774812352941176,3.6250920973923013
20729,3.651568888888889,3.76154226812869
20730,3.394428333333333,1.3880549301347656
20732,10.110184285714286,4.270888077991341
20733,3.479824166666666,2.207057456045913
20735,3.221043888888889,1.7412733242679912
20737,3.016161666666667,1.5136630647434623
20739,3.134358333333333,0.8266052492989452
20741,2.8697806896551725,4.5600375653237535
20742,2.920460277777777,2.468293756002874
20743,3.8045834375,1.8801642034906958
20744,3.007183611111111,0.9133687762098935
20745,3.3753980555555554,1.2772178031840915
20746,7.3164033333333345,2.4026383754219025
20749,2.762930555555556,0.9425373355271077
20750,3.247920666666666,1.1859140082128226
20751,2.7364261111111112,2.3837301608628656
20754,8.739625,1.1832485936969095
20756,2.845466388888889,0.8198145879828221
20757,5.683822999999999,4.268670985598445
20758,2.185983333333333,0.7943314317229786
20759,2.9090319444444446,1.091753615490286
20761,2.6966105555555555,0.947578609599811
20762,6.8208,2.505945319964105
20765,3.2084763888888883,2.803195563086786
20768,2.939565,1.3013927435317685
20771,3.216293125,1.791004242001492
20772,9.344477142857142,4.7314163128381
20773,3.0608016666666664,2.8833601177985777
20774,7.696732857142856,3.422539714387131
20775,3.4928285714285714,2.4544615122484594
20777,3.075559655172414,0.744627903723362
20781,2.8390944444444446,1.3163041183045037
20783,3.53984,0.8810839398363246
20785,7.750359999999999,5.395281214098112
20786,2.3518577142857144,1.5665776665057567
20788,2.6353230555555553,1.8840416472054653
20789,2.4874830555555563,0.9911141785797564
20793,2.112827142857143,0.7242973886162386
20795,6.306387777777777,2.1576843418800733
20800,2.653035,1.650365453369993
20801,2.2391622222222223,0.6915453440524597
20802,2.450905555555556,1.3424383629531205
20803,2.326759722222222,1.1360112151847952
20807,2.0884575,0.7493697210489627
20809,2.852828888888889,1.3052427279432426
20810,2.250608611111111,0.8378076990852896
20811,3.609852857142858,0.9519014497317613
20812,2.471935277777777,1.0067488264436344
20815,7.4642219999999995,1.16401202879094
20817,6.612319999999999,2.9988521900220424
20818,3.0169025000000005,2.198770684306936
20820,2.080947777777778,0.8048510579838842
20822,6.033203333333334,2.5928975695300807
20823,2.171804166666667,1.254292442963932
20824,2.7713239393939393,1.8878845697531723
20826,2.0871180555555555,0.972080497941898
20827,6.934788571428571,5.133342188722108
20828,2.438933333333333,1.5889095436934098
20830,2.0971827777777774,1.0656693400745467
20831,1.755561111111111,0.6587672901229029
20832,2.9921436666666668,1.0415495285804184
20835,6.079319999999998,2.751248031566765
20838,2.232808611111111,0.8674939386932017
20840,2.205712222222222,0.6187108080706948
20843,2.083406666666667,1.114134503672822
20845,6.433445000000002,7.006166313800295
20846,2.2012358333333335,0.9187359113116083
20847,2.1595183333333328,0.7306090482819306
20849,2.2019458333333337,0.8785583523489734
20852,2.0859027777777777,1.128547957045718
20853,3.144601176470588,0.8656395927497942
20855,2.284908666666667,0.8828826697372073
20859,2.8903033333333332,1.2709487611721408
20862,1.8843494444444444,0.8029053612864593
20863,1.845903611111111,0.6100696872004648
20864,1.7373772222222221,0.6464524454882801
20865,1.806265833333333,0.8258316299563904
20870,1.7564491666666668,0.9794623958547727
20877,2.090523333333333,0.8646408903455071
20878,1.6784157142857141,0.6881353387802077
20879,1.7331648571428573,0.6910043094416205
20882,1.5434344444444446,0.5963795936503358
20883,1.7093255555555555,1.4169970735677904
20885,1.5937122857142858,0.6969526494764683
20886,3.5225166666666663,4.857381619579284
20892,1.5681463888888887,0.5823884024608259
20894,1.6208816666666663,0.6711955305167894
20899,3.022482,1.1294963003569332
20901,1.6427538888888888,0.9585813232459065
20902,2.69768625,0.8370065972808497
20904,5.292086666666666,2.087793808245121
20906,1.5157955555555553,1.2103194486449658
20907,4.654346666666667,2.402075962995342
20908,2.400540625,0.41739173835409105
20910,4.859635,1.6528763123567356
20912,4.67572,1.5918954304099249
20913,1.2552438888888888,0.4040429095973261
20914,1.7728143333333335,1.130895111773103
20917,2.636908,1.105331795959928
20919,1.3323450000000003,0.5947161292991568
20920,3.662496666666667,0.8701370836827953
20922,1.3455744444444444,1.1068616725742961
20924,3.100855,1.453817940154229
20925,1.4572875,0.8809444481573657
20927,3.734815714285714,1.3699906287739971
20928,4.5876850000000005,2.9927622934864515
20931,1.2290908333333332,0.6419973598004234
20932,2.598045,1.003434406938775
20933,3.5741266666666665,0.7636541560331264
20936,1.388935882352941,1.2247750844187002
20937,1.1642069444444443,0.3699857357622584
20941,1.1566299999999998,0.43601902272394366
20942,2.347294,1.1667248274250446
20945,1.4060109375,1.0255048360696883
20946,3.17114625,1.206004034534089
20947,1.2055997222222223,0.46752656977200535
20948,1.240574722222222,0.48766936327502003
20949,1.116473888888889,0.3362795315913557
20951,1.3049274999999998,1.0660887535073422
20953,3.9979883333333337,5.092384997984409
20956,1.1462513888888888,1.1886147165170355
20957,1.0703002777777775,0.37151011369802656
20961,1.0824502777777776,0.30042196379175085
20962,3.9156825,1.8444496468300964
20965,1.1466069444444442,0.5900284014947051
20966,1.407242222222222,0.41444048154643925
20967,1.738844375,0.4925589298343736
20968,2.9682959999999996,0.765744314853202
20970,1.0789605555555557,0.46590186353501184
20975,3.58399,1.8204894498092172
20976,0.9082727777777776,0.3356461766257618
20982,0.9960480555555556,0.5793615871324941
20985,0.9753163888888889,0.8748368608706516
20986,0.8840019444444445,0.3961884864182664
20987,2.6687266666666667,2.639178385350259
20990,1.2198206666666669,0.39388873843232625
20991,0.9909841666666668,0.8936252308190658
20994,0.8264313888888888,0.47853931907212793
20995,3.3653225,1.6642524936113712
20996,0.9679376666666666,0.3343402967624384
20997,1.6743787500000002,0.918738287703123
21001,0.891816,0.2759593530317722
21003,0.9544633333333331,0.3591947202623777
21006,2.3958500000000003,1.1329389479226144
21007,2.1303714285714284,1.0401252957284934
21008,0.7704841666666666,0.25993259965256926
21014,0.8632516666666668,0.27736773208658777
21016,0.8305219444444445,0.3370369847854297
21022,1.2517159999999998,0.6065684014401955
21024,0.833678611111111,0.31969059904094577
21027,0.8289436666666667,0.5472118857380461
21028,0.6639808333333334,0.31463491383211567
21032,0.7294216666666666,0.2652114510509896
21033,1.642999,0.6536466219508655
21034,1.2534395,0.9038466360970467
21035,1.89825,0.4745774660474305
21037,0.8520306666666665,0.29653225559231605
21038,0.7170780555555556,0.38821712271665304
21039,1.9819533333333335,0.6394211526581419
21040,1.1829955,1.0284992229072367
21042,1.78178,1.1378582235937833
21044,1.8586749999999999,1.0974677611665866
21048,0.624078888888889,0.31158852624004696
21049,0.6612891428571428,0.44889287503270314
21055,0.5366516666666666,0.24147570136854057
21056,1.114406,0.49103879200556627
21057,0.5770525000000001,0.25315741218656823
21058,1.6437800000000002,0.4807322443418998
21064,2.15753375,2.5590214286432533
21065,0.8807478260869565,0.647031107225755
21073,1.3292559999999998,0.4799811650749085
21074,1.42537125,1.130284006540423
21077,0.39944916666666663,0.2272886953555512
21079,1.8997366666666666,0.8513420947108551
21080,0.5320050000000001,0.20456678382097407
21084,0.7485829411764706,0.3535438045837585
21086,1.4960777777777778,0.7430046323674196
21087,0.9074225,0.45622592074358653
21088,0.5128122222222222,0.2228295861365312
21092,1.040306666666667,0.33431277981854063
21093,1.1076671428571427,1.2404905062510159
21097,1.378714,0.3210643837768369
21099,1.5154325,1.7977661391591353
21105,0.94727,0.35995688406337695
21109,1.2232383333333332,0.3995134699314488
21110,1.391452,0.34273709832756655
21111,1.2599700000000003,0.4709904193646972
21112,1.0800566666666664,0.31981208023879687
21114,1.2802257142857143,0.565034293822276
21118,0.4504080769230769,0.1507287611577626
21119,1.1571742857142857,0.4851172444834734
21126,0.45465349999999993,0.15064486192349
21129,0.927806,0.3149056126524264
21131,0.30195527777777775,0.10688338704230382
21135,0.68718875,0.38238675845414866
21140,0.8307242857142857,0.33448681009655884
21142,0.47009375,0.44559514889452434
21144,1.1794200000000001,0.802697360061686
21146,1.1963380000000001,0.5569168889250892
21153,0.5895636363636364,0.23989062650602783
21154,1.1963219999999999,0.8821887280905373
21155,0.352465,0.12801537420950657
21157,0.37516363636363637,0.2681985853544854
21159,0.5135118181818181,0.22378177293149598
21163,0.68782125,0.4003088760101379
21164,0.4308355,0.21485359633394918
21167,0.2503288888888888,0.1314363268873603
21168,0.4885981818181819,0.2282700782765092
21170,0.2385117142857143,0.16042637339081045
21171,0.5545037500000001,0.33576536743631386
21176,0.37093849999999995,0.15603002731508883
21179,0.5288866666666666,0.3319639742878736
21180,0.23828888888888888,0.27167846315272337
21182,0.22563861111111105,0.29366817776096277
21184,0.28012269230769227,0.10809173143428473
21190,0.17817485714285713,0.09505199664862783
21191,0.22565687499999998,0.2675247067897032
21192,0.18961861111111109,0.28759462200567537
21194,0.22127884615384613,0.13114378223391068
21196,0.45108777777777775,0.19620138931578554
21200,0.16563235294117648,0.08918913696113254
21201,0.254004,0.15629272502948707
21202,0.16831083333333335,0.13680974675752144
21207,0.2022657692307692,0.12101434579992826
21209,0.198821875,0.26798749180310016
21212,0.18324653846153846,0.11020515247273359
21214,0.4110625,0.2910510205416455
21218,0.11949583333333333,0.1304616225206259
21222,0.10862277777777779,0.11117602389547104
21224,0.09907685714285713,0.05235587493139555
21226,0.19087312500000003,0.21067256764052122
21227,0.3401,0.209875297101239
21233,0.16324375,0.30199028502861924
21244,0.09281066666666667,0.15006280554043588
21245,0.13429312499999999,0.3134021981356385
21246,0.08998866666666668,0.14873964217799535
21248,0.08198600000000002,0.13685263079051754
21252,0.178011,0.1436806256520961
21256,0.08359066666666665,0.1523681462992402
21259,0.088858,0.1530359188089982
21262,0.08368000000000002,0.13990415351742982
21263,0.08923333333333333,0.15338131175354477
21265,0.089541,0.10880287684615697
21266,0.094659,0.10596810048835975
21267,0.092835,0.07993858257020406
21276,0.045447,0.04361820594659986
